{"files":{"active_admin-46d968879043a0e3dca375c52b79f6b4.js":{"logical_path":"active_admin.js","mtime":"2014-03-02T14:17:17+08:00","size":569210,"digest":"46d968879043a0e3dca375c52b79f6b4"},"application-99ede76ed0644bf70cf992ece74aeafe.js":{"logical_path":"application.js","mtime":"2014-03-03T00:07:10+08:00","size":644920,"digest":"99ede76ed0644bf70cf992ece74aeafe"},"active_admin-c9ddec4bac859137b19c28837466cc48.css":{"logical_path":"active_admin.css","mtime":"2014-03-02T17:03:39+08:00","size":85049,"digest":"c9ddec4bac859137b19c28837466cc48"},"application-1a8d65cb6626bc8a41170ba4cbc84efc.css":{"logical_path":"application.css","mtime":"2014-03-03T00:07:27+08:00","size":85584,"digest":"1a8d65cb6626bc8a41170ba4cbc84efc"},"active_admin/admin_notes_icon-ba4a64427679358c43ed2b47a59ba3db.png":{"logical_path":"active_admin/admin_notes_icon.png","mtime":"2014-03-02T14:15:04+08:00","size":716,"digest":"ba4a64427679358c43ed2b47a59ba3db"},"active_admin/datepicker/datepicker-header-bg-2247836ab28633f7e2a9168574c5905d.png":{"logical_path":"active_admin/datepicker/datepicker-header-bg.png","mtime":"2014-03-02T14:15:04+08:00","size":1701,"digest":"2247836ab28633f7e2a9168574c5905d"},"active_admin/datepicker/datepicker-input-icon-876f1b68bec4ed7500347604994d36ef.png":{"logical_path":"active_admin/datepicker/datepicker-input-icon.png","mtime":"2014-03-02T14:15:04+08:00","size":1535,"digest":"876f1b68bec4ed7500347604994d36ef"},"active_admin/datepicker/datepicker-next-link-icon-53e3939c956c0ffa1ef5d700dd9fedf9.png":{"logical_path":"active_admin/datepicker/datepicker-next-link-icon.png","mtime":"2014-03-02T14:15:04+08:00","size":1006,"digest":"53e3939c956c0ffa1ef5d700dd9fedf9"},"active_admin/datepicker/datepicker-nipple-cf3de6eec5e792b431f834f411edc286.png":{"logical_path":"active_admin/datepicker/datepicker-nipple.png","mtime":"2014-03-02T14:15:04+08:00","size":1224,"digest":"cf3de6eec5e792b431f834f411edc286"},"active_admin/datepicker/datepicker-prev-link-icon-c92aa0fa9b117af1d47a4d04a47a5225.png":{"logical_path":"active_admin/datepicker/datepicker-prev-link-icon.png","mtime":"2014-03-02T14:15:04+08:00","size":1004,"digest":"c92aa0fa9b117af1d47a4d04a47a5225"},"active_admin/index_list_icons/block_icon-3168a901e2360ef50f3808c34f69b971.svg":{"logical_path":"active_admin/index_list_icons/block_icon.svg","mtime":"2014-03-02T14:15:04+08:00","size":1141,"digest":"3168a901e2360ef50f3808c34f69b971"},"active_admin/index_list_icons/blog_icon-eac4c3cf43a746e0bb8263ba801e51ca.svg":{"logical_path":"active_admin/index_list_icons/blog_icon.svg","mtime":"2014-03-02T14:15:04+08:00","size":881,"digest":"eac4c3cf43a746e0bb8263ba801e51ca"},"active_admin/index_list_icons/grid_icon-fdff8c79abe886abacf1e41cb16b2f58.svg":{"logical_path":"active_admin/index_list_icons/grid_icon.svg","mtime":"2014-03-02T14:15:04+08:00","size":2132,"digest":"fdff8c79abe886abacf1e41cb16b2f58"},"active_admin/index_list_icons/table_icon-abcc418b30c63da9a7508225f7a516c4.svg":{"logical_path":"active_admin/index_list_icons/table_icon.svg","mtime":"2014-03-02T14:15:04+08:00","size":815,"digest":"abcc418b30c63da9a7508225f7a516c4"},"active_admin/loading-a1014aaca19a491b351c66d42a385fcb.gif":{"logical_path":"active_admin/loading.gif","mtime":"2014-03-02T14:15:04+08:00","size":2079,"digest":"a1014aaca19a491b351c66d42a385fcb"},"active_admin/nested_menu_arrow-f6ccc2b9af82e1375e752b044df5ce3a.gif":{"logical_path":"active_admin/nested_menu_arrow.gif","mtime":"2014-03-02T14:15:04+08:00","size":70,"digest":"f6ccc2b9af82e1375e752b044df5ce3a"},"active_admin/nested_menu_arrow_dark-b8fda977d546759e763fa71dff898bf3.gif":{"logical_path":"active_admin/nested_menu_arrow_dark.gif","mtime":"2014-03-02T14:15:04+08:00","size":70,"digest":"b8fda977d546759e763fa71dff898bf3"},"active_admin/orderable-e47004e0aa75cce172593c60cf47c07c.png":{"logical_path":"active_admin/orderable.png","mtime":"2014-03-02T14:15:04+08:00","size":220,"digest":"e47004e0aa75cce172593c60cf47c07c"},"active_admin/application-96c8bf5410f60086377d1fcba2fa1135.js":{"logical_path":"active_admin/application.js","mtime":"2014-03-02T14:15:04+08:00","size":1114,"digest":"96c8bf5410f60086377d1fcba2fa1135"},"active_admin/print-6182883bf2ec231f70432524a77d2655.css":{"logical_path":"active_admin/print.css","mtime":"2014-03-02T14:15:04+08:00","size":7146,"digest":"6182883bf2ec231f70432524a77d2655"},"jquery-ui/animated-overlay-93500880d793a7e4c05bda1e1c67bf1a.gif":{"logical_path":"jquery-ui/animated-overlay.gif","mtime":"2014-03-02T14:16:03+08:00","size":1738,"digest":"93500880d793a7e4c05bda1e1c67bf1a"},"jquery-ui/ui-bg_flat_0_aaaaaa_40x100-92465ca46196a4c9c9479300db19ff47.png":{"logical_path":"jquery-ui/ui-bg_flat_0_aaaaaa_40x100.png","mtime":"2014-03-02T14:16:03+08:00","size":180,"digest":"92465ca46196a4c9c9479300db19ff47"},"jquery-ui/ui-bg_flat_75_ffffff_40x100-dc66d555bc716ba5fab7edf72c623bb7.png":{"logical_path":"jquery-ui/ui-bg_flat_75_ffffff_40x100.png","mtime":"2014-03-02T14:16:03+08:00","size":178,"digest":"dc66d555bc716ba5fab7edf72c623bb7"},"jquery-ui/ui-bg_glass_55_fbf9ee_1x400-b9ab1b6efffb9015f7900da4fd537fd2.png":{"logical_path":"jquery-ui/ui-bg_glass_55_fbf9ee_1x400.png","mtime":"2014-03-02T14:16:03+08:00","size":120,"digest":"b9ab1b6efffb9015f7900da4fd537fd2"},"jquery-ui/ui-bg_glass_65_ffffff_1x400-7d1e7d37d35def2a222677b3fcff648f.png":{"logical_path":"jquery-ui/ui-bg_glass_65_ffffff_1x400.png","mtime":"2014-03-02T14:16:03+08:00","size":105,"digest":"7d1e7d37d35def2a222677b3fcff648f"},"jquery-ui/ui-bg_glass_75_dadada_1x400-1c9d6e576e01174235cfcefa9dee9a5b.png":{"logical_path":"jquery-ui/ui-bg_glass_75_dadada_1x400.png","mtime":"2014-03-02T14:16:03+08:00","size":111,"digest":"1c9d6e576e01174235cfcefa9dee9a5b"},"jquery-ui/ui-bg_glass_75_e6e6e6_1x400-6ad9dad1494c6735c0888a06ba54b19c.png":{"logical_path":"jquery-ui/ui-bg_glass_75_e6e6e6_1x400.png","mtime":"2014-03-02T14:16:03+08:00","size":110,"digest":"6ad9dad1494c6735c0888a06ba54b19c"},"jquery-ui/ui-bg_glass_95_fef1ec_1x400-f7de7c92a6478ec4e2baa6ef2364178f.png":{"logical_path":"jquery-ui/ui-bg_glass_95_fef1ec_1x400.png","mtime":"2014-03-02T14:16:03+08:00","size":119,"digest":"f7de7c92a6478ec4e2baa6ef2364178f"},"jquery-ui/ui-bg_highlight-soft_75_cccccc_1x100-c369f52d533889dbf3e1379c3170925b.png":{"logical_path":"jquery-ui/ui-bg_highlight-soft_75_cccccc_1x100.png","mtime":"2014-03-02T14:16:03+08:00","size":101,"digest":"c369f52d533889dbf3e1379c3170925b"},"jquery-ui/ui-icons_222222_256x240-94012a6d489f4cc2fda1832cabcdf397.png":{"logical_path":"jquery-ui/ui-icons_222222_256x240.png","mtime":"2014-03-02T14:16:03+08:00","size":4369,"digest":"94012a6d489f4cc2fda1832cabcdf397"},"jquery-ui/ui-icons_2e83ff_256x240-8f856a8a278453db4465902585bb68bb.png":{"logical_path":"jquery-ui/ui-icons_2e83ff_256x240.png","mtime":"2014-03-02T14:16:03+08:00","size":4369,"digest":"8f856a8a278453db4465902585bb68bb"},"jquery-ui/ui-icons_454545_256x240-debdf03784484674c775ea2a7183baff.png":{"logical_path":"jquery-ui/ui-icons_454545_256x240.png","mtime":"2014-03-02T14:16:03+08:00","size":4369,"digest":"debdf03784484674c775ea2a7183baff"},"jquery-ui/ui-icons_888888_256x240-8cf8e52b9864116ee5e6ef5fdb076a39.png":{"logical_path":"jquery-ui/ui-icons_888888_256x240.png","mtime":"2014-03-02T14:16:03+08:00","size":4369,"digest":"8cf8e52b9864116ee5e6ef5fdb076a39"},"jquery-ui/ui-icons_cd0a0a_256x240-9ef588d10c522b397251ded307a9dd77.png":{"logical_path":"jquery-ui/ui-icons_cd0a0a_256x240.png","mtime":"2014-03-02T14:16:03+08:00","size":4369,"digest":"9ef588d10c522b397251ded307a9dd77"},"glyphicons-halflings-regular-171c97066e4db52896df4e14c2905e8e.eot":{"logical_path":"glyphicons-halflings-regular.eot","mtime":"2014-02-14T01:24:42+08:00","size":20335,"digest":"171c97066e4db52896df4e14c2905e8e"},"glyphicons-halflings-regular-e327cd5918c69ba34cb1c92b9c7c424a.svg":{"logical_path":"glyphicons-halflings-regular.svg","mtime":"2014-02-14T01:24:42+08:00","size":62927,"digest":"e327cd5918c69ba34cb1c92b9c7c424a"},"glyphicons-halflings-regular-7206a6a5553d1b106dc988b6af7e29df.ttf":{"logical_path":"glyphicons-halflings-regular.ttf","mtime":"2014-02-14T01:24:42+08:00","size":41280,"digest":"7206a6a5553d1b106dc988b6af7e29df"},"glyphicons-halflings-regular-a6d95d67a6db3f50ff64b2103e8c9348.woff":{"logical_path":"glyphicons-halflings-regular.woff","mtime":"2014-02-14T01:24:42+08:00","size":23320,"digest":"a6d95d67a6db3f50ff64b2103e8c9348"},"missing-a64b06aa43963e97252d0e1fbe5d7616.png":{"logical_path":"missing.png","mtime":"2014-03-02T23:50:54+08:00","size":2854,"digest":"a64b06aa43963e97252d0e1fbe5d7616"},"application-a7edee6d0fd8a1f0b07d945967dfdf21.js":{"logical_path":"application.js","mtime":"2014-03-03T00:12:30+08:00","size":906673,"digest":"a7edee6d0fd8a1f0b07d945967dfdf21"},"application-998a4c5ea3ba2feac19ab45ca1851c7e.css":{"logical_path":"application.css","mtime":"2014-03-03T00:12:13+08:00","size":421043,"digest":"998a4c5ea3ba2feac19ab45ca1851c7e"},"bootstrap-theme.css-f1ed2b42047809f68d201f3559550d16.map":{"logical_path":"bootstrap-theme.css.map","mtime":"2014-02-14T01:24:41+08:00","size":38389,"digest":"f1ed2b42047809f68d201f3559550d16"},"bootstrap.css-8bad3d2500139cbdf1d0c7c9c035fc1f.map":{"logical_path":"bootstrap.css.map","mtime":"2014-02-14T01:24:41+08:00","size":245961,"digest":"8bad3d2500139cbdf1d0c7c9c035fc1f"}},"assets":{"active_admin.js":"active_admin-46d968879043a0e3dca375c52b79f6b4.js","application.js":"application-a7edee6d0fd8a1f0b07d945967dfdf21.js","active_admin.css":"active_admin-c9ddec4bac859137b19c28837466cc48.css","application.css":"application-998a4c5ea3ba2feac19ab45ca1851c7e.css","active_admin/admin_notes_icon.png":"active_admin/admin_notes_icon-ba4a64427679358c43ed2b47a59ba3db.png","active_admin/datepicker/datepicker-header-bg.png":"active_admin/datepicker/datepicker-header-bg-2247836ab28633f7e2a9168574c5905d.png","active_admin/datepicker/datepicker-input-icon.png":"active_admin/datepicker/datepicker-input-icon-876f1b68bec4ed7500347604994d36ef.png","active_admin/datepicker/datepicker-next-link-icon.png":"active_admin/datepicker/datepicker-next-link-icon-53e3939c956c0ffa1ef5d700dd9fedf9.png","active_admin/datepicker/datepicker-nipple.png":"active_admin/datepicker/datepicker-nipple-cf3de6eec5e792b431f834f411edc286.png","active_admin/datepicker/datepicker-prev-link-icon.png":"active_admin/datepicker/datepicker-prev-link-icon-c92aa0fa9b117af1d47a4d04a47a5225.png","active_admin/index_list_icons/block_icon.svg":"active_admin/index_list_icons/block_icon-3168a901e2360ef50f3808c34f69b971.svg","active_admin/index_list_icons/blog_icon.svg":"active_admin/index_list_icons/blog_icon-eac4c3cf43a746e0bb8263ba801e51ca.svg","active_admin/index_list_icons/grid_icon.svg":"active_admin/index_list_icons/grid_icon-fdff8c79abe886abacf1e41cb16b2f58.svg","active_admin/index_list_icons/table_icon.svg":"active_admin/index_list_icons/table_icon-abcc418b30c63da9a7508225f7a516c4.svg","active_admin/loading.gif":"active_admin/loading-a1014aaca19a491b351c66d42a385fcb.gif","active_admin/nested_menu_arrow.gif":"active_admin/nested_menu_arrow-f6ccc2b9af82e1375e752b044df5ce3a.gif","active_admin/nested_menu_arrow_dark.gif":"active_admin/nested_menu_arrow_dark-b8fda977d546759e763fa71dff898bf3.gif","active_admin/orderable.png":"active_admin/orderable-e47004e0aa75cce172593c60cf47c07c.png","active_admin/application.js":"active_admin/application-96c8bf5410f60086377d1fcba2fa1135.js","active_admin/print.css":"active_admin/print-6182883bf2ec231f70432524a77d2655.css","jquery-ui/animated-overlay.gif":"jquery-ui/animated-overlay-93500880d793a7e4c05bda1e1c67bf1a.gif","jquery-ui/ui-bg_flat_0_aaaaaa_40x100.png":"jquery-ui/ui-bg_flat_0_aaaaaa_40x100-92465ca46196a4c9c9479300db19ff47.png","jquery-ui/ui-bg_flat_75_ffffff_40x100.png":"jquery-ui/ui-bg_flat_75_ffffff_40x100-dc66d555bc716ba5fab7edf72c623bb7.png","jquery-ui/ui-bg_glass_55_fbf9ee_1x400.png":"jquery-ui/ui-bg_glass_55_fbf9ee_1x400-b9ab1b6efffb9015f7900da4fd537fd2.png","jquery-ui/ui-bg_glass_65_ffffff_1x400.png":"jquery-ui/ui-bg_glass_65_ffffff_1x400-7d1e7d37d35def2a222677b3fcff648f.png","jquery-ui/ui-bg_glass_75_dadada_1x400.png":"jquery-ui/ui-bg_glass_75_dadada_1x400-1c9d6e576e01174235cfcefa9dee9a5b.png","jquery-ui/ui-bg_glass_75_e6e6e6_1x400.png":"jquery-ui/ui-bg_glass_75_e6e6e6_1x400-6ad9dad1494c6735c0888a06ba54b19c.png","jquery-ui/ui-bg_glass_95_fef1ec_1x400.png":"jquery-ui/ui-bg_glass_95_fef1ec_1x400-f7de7c92a6478ec4e2baa6ef2364178f.png","jquery-ui/ui-bg_highlight-soft_75_cccccc_1x100.png":"jquery-ui/ui-bg_highlight-soft_75_cccccc_1x100-c369f52d533889dbf3e1379c3170925b.png","jquery-ui/ui-icons_222222_256x240.png":"jquery-ui/ui-icons_222222_256x240-94012a6d489f4cc2fda1832cabcdf397.png","jquery-ui/ui-icons_2e83ff_256x240.png":"jquery-ui/ui-icons_2e83ff_256x240-8f856a8a278453db4465902585bb68bb.png","jquery-ui/ui-icons_454545_256x240.png":"jquery-ui/ui-icons_454545_256x240-debdf03784484674c775ea2a7183baff.png","jquery-ui/ui-icons_888888_256x240.png":"jquery-ui/ui-icons_888888_256x240-8cf8e52b9864116ee5e6ef5fdb076a39.png","jquery-ui/ui-icons_cd0a0a_256x240.png":"jquery-ui/ui-icons_cd0a0a_256x240-9ef588d10c522b397251ded307a9dd77.png","glyphicons-halflings-regular.eot":"glyphicons-halflings-regular-171c97066e4db52896df4e14c2905e8e.eot","glyphicons-halflings-regular.svg":"glyphicons-halflings-regular-e327cd5918c69ba34cb1c92b9c7c424a.svg","glyphicons-halflings-regular.ttf":"glyphicons-halflings-regular-7206a6a5553d1b106dc988b6af7e29df.ttf","glyphicons-halflings-regular.woff":"glyphicons-halflings-regular-a6d95d67a6db3f50ff64b2103e8c9348.woff","missing.png":"missing-a64b06aa43963e97252d0e1fbe5d7616.png","bootstrap-theme.css.map":"bootstrap-theme.css-f1ed2b42047809f68d201f3559550d16.map","bootstrap.css.map":"bootstrap.css-8bad3d2500139cbdf1d0c7c9c035fc1f.map"}}